{"stat.walkOneCm":47671,"stat.useItem.minecraft.quartz_block":2,"stat.leaveGame":2,"stat.killEntity.Creeper":2,"stat.jump":525,"stat.swimOneCm":89,"stat.crouchOneCm":124,"stat.useItem.minecraft.dirt":26,"stat.sprintOneCm":30657,"achievement.exploreAllBiomes":{"value":0,"progress":["Sunflower Plains","Roofed Forest M","Birch Forest M","Birch Forest","Forest"]},"stat.killEntity.Skeleton":1,"achievement.openInventory":15,"stat.killEntity.Spider":3,"stat.killEntity.Enderman":1,"stat.mobKills":13,"stat.useItem.minecraft.bucket":10,"stat.flyOneCm":906647,"stat.drop":33,"stat.playOneMinute":179127,"stat.useItem.minecraft.wooden_sword":10,"stat.damageDealt":307935,"stat.killEntity.Zombie":2,"stat.timeSinceDeath":179127,"stat.useItem.minecraft.spawn_egg":1,"stat.killEntity.Pig":4,"stat.diveOneCm":401}